{"v":"5.5.9","fr":60,"ip":0,"op":110,"w":512,"h":512,"nm":"trophy (1)","ddd":0,"assets":[],"layers":[{"ddd":0,"ind":1,"ty":4,"nm":"Шар 27 Outlines","sr":1,"ks":{"o":{"a":1,"k":[{"i":{"x":[0.833],"y":[0.833]},"o":{"x":[0.167],"y":[0.167]},"t":24,"s":[0]},{"i":{"x":[0.833],"y":[0.833]},"o":{"x":[0.167],"y":[0.167]},"t":56,"s":[100]},{"t":85,"s":[0]}],"ix":11},"r":{"a":1,"k":[{"i":{"x":[0.833],"y":[0.833]},"o":{"x":[0.167],"y":[0.167]},"t":24,"s":[0]},{"i":{"x":[0.833],"y":[0.833]},"o":{"x":[0.167],"y":[0.167]},"t":56,"s":[119.951]},{"t":85,"s":[0]}],"ix":10},"p":{"a":0,"k":[195,56,0],"ix":2},"a":{"a":0,"k":[24.25,24.25,0],"ix":1},"s":{"a":0,"k":[100,100,100],"ix":6}},"ao":0,"shapes":[{"ty":"gr","it":[{"ind":0,"ty":"sh","ix":1,"ks":{"a":0,"k":{"i":[[0.965,0],[0.309,0.914],[12.79,4.317],[0,0.965],[-0.914,0.309],[-4.317,12.79],[-0.965,0],[-0.309,-0.914],[-12.79,-4.317],[0,-0.965],[0.914,-0.309],[4.317,-12.79]],"o":[[-0.965,0],[-4.317,-12.79],[-0.914,-0.309],[0,-0.965],[12.79,-4.316],[0.309,-0.914],[0.965,0],[4.317,12.79],[0.914,0.309],[0,0.965],[-12.79,4.317],[-0.309,0.914]],"v":[[0,24],[-2.132,22.47],[-22.47,2.132],[-24,0],[-22.47,-2.132],[-2.132,-22.47],[0,-24],[2.132,-22.47],[22.47,-2.132],[24,0],[22.47,2.132],[2.132,22.47]],"c":true},"ix":2},"nm":"Path 1","mn":"ADBE Vector Shape - Group","hd":false},{"ty":"fl","c":{"a":0,"k":[1,1,1,1],"ix":4},"o":{"a":0,"k":100,"ix":5},"r":1,"bm":0,"nm":"Fill 1","mn":"ADBE Vector Graphic - Fill","hd":false},{"ty":"tr","p":{"a":0,"k":[24.25,24.25],"ix":2},"a":{"a":0,"k":[0,0],"ix":1},"s":{"a":0,"k":[100,100],"ix":3},"r":{"a":0,"k":0,"ix":6},"o":{"a":0,"k":100,"ix":7},"sk":{"a":0,"k":0,"ix":4},"sa":{"a":0,"k":0,"ix":5},"nm":"Transform"}],"nm":"Group 1","np":2,"cix":2,"bm":0,"ix":1,"mn":"ADBE Vector Group","hd":false}],"ip":0,"op":110,"st":0,"bm":0},{"ddd":0,"ind":2,"ty":4,"nm":"Шар 28 Outlines","sr":1,"ks":{"o":{"a":1,"k":[{"i":{"x":[0.833],"y":[0.833]},"o":{"x":[0.167],"y":[0.167]},"t":24,"s":[0]},{"i":{"x":[0.833],"y":[0.833]},"o":{"x":[0.167],"y":[0.167]},"t":56,"s":[100]},{"t":85,"s":[0]}],"ix":11},"r":{"a":1,"k":[{"i":{"x":[0.833],"y":[0.833]},"o":{"x":[0.167],"y":[0.167]},"t":24,"s":[0]},{"i":{"x":[0.833],"y":[0.833]},"o":{"x":[0.167],"y":[0.167]},"t":56,"s":[119.951]},{"t":85,"s":[0]}],"ix":10},"p":{"a":0,"k":[126.999,299.001,0],"ix":2},"a":{"a":0,"k":[32.25,32.25,0],"ix":1},"s":{"a":0,"k":[100,100,100],"ix":6}},"ao":0,"shapes":[{"ty":"gr","it":[{"ind":0,"ty":"sh","ix":1,"ks":{"a":0,"k":{"i":[[1.287,0],[0.411,1.219],[17.053,5.755],[0,1.287],[-1.219,0.411],[-5.756,17.053],[-1.287,0],[-0.411,-1.219],[-17.053,-5.755],[0,-1.287],[1.22,-0.412],[5.756,-17.054]],"o":[[-1.287,0],[-5.756,-17.054],[-1.22,-0.412],[0,-1.287],[17.053,-5.755],[0.412,-1.219],[1.287,0],[5.756,17.053],[1.219,0.412],[0,1.287],[-17.053,5.755],[-0.41,1.219]],"v":[[0.001,31.999],[-2.842,29.96],[-29.958,2.842],[-31.999,-0.001],[-29.96,-2.842],[-2.842,-29.96],[-0.001,-31.999],[2.841,-29.96],[29.958,-2.842],[31.999,-0.001],[29.958,2.842],[2.841,29.96]],"c":true},"ix":2},"nm":"Path 1","mn":"ADBE Vector Shape - Group","hd":false},{"ty":"fl","c":{"a":0,"k":[1,0.816000007181,0.051000000449,1],"ix":4},"o":{"a":0,"k":100,"ix":5},"r":1,"bm":0,"nm":"Fill 1","mn":"ADBE Vector Graphic - Fill","hd":false},{"ty":"tr","p":{"a":0,"k":[32.249,32.25],"ix":2},"a":{"a":0,"k":[0,0],"ix":1},"s":{"a":0,"k":[100,100],"ix":3},"r":{"a":0,"k":0,"ix":6},"o":{"a":0,"k":100,"ix":7},"sk":{"a":0,"k":0,"ix":4},"sa":{"a":0,"k":0,"ix":5},"nm":"Transform"}],"nm":"Group 1","np":2,"cix":2,"bm":0,"ix":1,"mn":"ADBE Vector Group","hd":false}],"ip":0,"op":110,"st":0,"bm":0},{"ddd":0,"ind":3,"ty":4,"nm":"Шар 29 Outlines","sr":1,"ks":{"o":{"a":1,"k":[{"i":{"x":[0.833],"y":[0.833]},"o":{"x":[0.167],"y":[0.167]},"t":24,"s":[0]},{"i":{"x":[0.833],"y":[0.833]},"o":{"x":[0.167],"y":[0.167]},"t":56,"s":[100]},{"t":85,"s":[0]}],"ix":11},"r":{"a":1,"k":[{"i":{"x":[0.833],"y":[0.833]},"o":{"x":[0.167],"y":[0.167]},"t":24,"s":[0]},{"i":{"x":[0.833],"y":[0.833]},"o":{"x":[0.167],"y":[0.167]},"t":56,"s":[119.951]},{"t":85,"s":[0]}],"ix":10},"p":{"a":0,"k":[375.5,272.5,0],"ix":2},"a":{"a":0,"k":[25.75,25.75,0],"ix":1},"s":{"a":0,"k":[100,100,100],"ix":6}},"ao":0,"shapes":[{"ty":"gr","it":[{"ind":0,"ty":"sh","ix":1,"ks":{"a":0,"k":{"i":[[1.025,0],[0.329,0.971],[13.589,4.586],[0,1.026],[-0.97,0.328],[-4.586,13.589],[-1.026,0],[-0.33,-0.972],[-13.589,-4.587],[0,-1.025],[0.97,-0.328],[4.586,-13.59]],"o":[[-1.025,0],[-4.586,-13.59],[-0.97,-0.329],[0,-1.025],[13.59,-4.586],[0.329,-0.972],[1.026,0],[4.586,13.589],[0.97,0.328],[0,1.026],[-13.59,4.587],[-0.33,0.971]],"v":[[0,25.5],[-2.266,23.875],[-23.875,2.266],[-25.5,0],[-23.875,-2.265],[-2.266,-23.874],[0,-25.5],[2.266,-23.874],[23.875,-2.265],[25.5,0],[23.875,2.266],[2.266,23.875]],"c":true},"ix":2},"nm":"Path 1","mn":"ADBE Vector Shape - Group","hd":false},{"ty":"fl","c":{"a":0,"k":[1,1,1,1],"ix":4},"o":{"a":0,"k":100,"ix":5},"r":1,"bm":0,"nm":"Fill 1","mn":"ADBE Vector Graphic - Fill","hd":false},{"ty":"tr","p":{"a":0,"k":[25.75,25.75],"ix":2},"a":{"a":0,"k":[0,0],"ix":1},"s":{"a":0,"k":[100,100],"ix":3},"r":{"a":0,"k":0,"ix":6},"o":{"a":0,"k":100,"ix":7},"sk":{"a":0,"k":0,"ix":4},"sa":{"a":0,"k":0,"ix":5},"nm":"Transform"}],"nm":"Group 1","np":2,"cix":2,"bm":0,"ix":1,"mn":"ADBE Vector Group","hd":false}],"ip":0,"op":110,"st":0,"bm":0},{"ddd":0,"ind":4,"ty":4,"nm":"Шар 26 Outlines","sr":1,"ks":{"o":{"a":0,"k":100,"ix":11},"r":{"a":0,"k":0,"ix":10},"p":{"a":0,"k":[256,256,0],"ix":2},"a":{"a":0,"k":[185.582,256.25,0],"ix":1},"s":{"a":0,"k":[100,100,100],"ix":6}},"ao":0,"shapes":[{"ty":"gr","it":[{"ind":0,"ty":"sh","ix":1,"ks":{"a":0,"k":{"i":[[2.762,0],[0,0],[0,2.761],[-2.761,0],[0,0],[0,-2.761]],"o":[[0,0],[-2.761,0],[0,-2.761],[0,0],[2.762,0],[0,2.761]],"v":[[27,5],[-27,5],[-32,0],[-27,-5],[27,-5],[32,0]],"c":true},"ix":2},"nm":"Path 1","mn":"ADBE Vector Shape - Group","hd":false},{"ty":"fl","c":{"a":0,"k":[1,1,1,1],"ix":4},"o":{"a":0,"k":100,"ix":5},"r":1,"bm":0,"nm":"Fill 1","mn":"ADBE Vector Graphic - Fill","hd":false},{"ty":"tr","p":{"a":0,"k":[185.582,414.25],"ix":2},"a":{"a":0,"k":[0,0],"ix":1},"s":{"a":0,"k":[100,100],"ix":3},"r":{"a":0,"k":0,"ix":6},"o":{"a":0,"k":100,"ix":7},"sk":{"a":0,"k":0,"ix":4},"sa":{"a":0,"k":0,"ix":5},"nm":"Transform"}],"nm":"Group 1","np":2,"cix":2,"bm":0,"ix":1,"mn":"ADBE Vector Group","hd":false},{"ty":"gr","it":[{"ind":0,"ty":"sh","ix":1,"ks":{"a":0,"k":{"i":[[2.762,0],[0,0],[0,2.761],[-2.761,0],[0,0],[0,-2.761]],"o":[[0,0],[-2.761,0],[0,-2.761],[0,0],[2.762,0],[0,2.761]],"v":[[15,5],[-15,5],[-20,0],[-15,-5],[15,-5],[20,0]],"c":true},"ix":2},"nm":"Path 1","mn":"ADBE Vector Shape - Group","hd":false},{"ty":"fl","c":{"a":0,"k":[1,1,1,1],"ix":4},"o":{"a":0,"k":100,"ix":5},"r":1,"bm":0,"nm":"Fill 1","mn":"ADBE Vector Graphic - Fill","hd":false},{"ty":"tr","p":{"a":0,"k":[185.582,432.25],"ix":2},"a":{"a":0,"k":[0,0],"ix":1},"s":{"a":0,"k":[100,100],"ix":3},"r":{"a":0,"k":0,"ix":6},"o":{"a":0,"k":100,"ix":7},"sk":{"a":0,"k":0,"ix":4},"sa":{"a":0,"k":0,"ix":5},"nm":"Transform"}],"nm":"Group 2","np":2,"cix":2,"bm":0,"ix":2,"mn":"ADBE Vector Group","hd":false},{"ty":"gr","it":[{"ind":0,"ty":"sh","ix":1,"ks":{"a":0,"k":{"i":[[0,2.75],[0,0],[-2.75,0],[0,0],[0,-2.75],[0,0],[-2.75,0],[0,0]],"o":[[0,0],[0,-2.75],[0,0],[-2.75,0],[0,0],[0,2.75],[0,0],[-2.75,0]],"v":[[12.75,14.5],[12.75,-14.5],[17.75,-19.5],[-12.75,-19.5],[-17.75,-14.5],[-17.75,14.5],[-12.75,19.5],[17.75,19.5]],"c":true},"ix":2},"nm":"Path 1","mn":"ADBE Vector Shape - Group","hd":false},{"ty":"fl","c":{"a":0,"k":[1,0.685999971278,0.063000002094,1],"ix":4},"o":{"a":0,"k":100,"ix":5},"r":1,"bm":0,"nm":"Fill 1","mn":"ADBE Vector Graphic - Fill","hd":false},{"ty":"tr","p":{"a":1,"k":[{"i":{"x":0.833,"y":0.833},"o":{"x":0.167,"y":0.167},"t":0,"s":[72.832,42.25],"to":[0,-3.75],"ti":[0,0]},{"i":{"x":0.833,"y":0.833},"o":{"x":0.167,"y":0.167},"t":58,"s":[72.832,19.75],"to":[0,0],"ti":[0,-3.75]},{"t":109,"s":[72.832,42.25]}],"ix":2},"a":{"a":0,"k":[0,0],"ix":1},"s":{"a":0,"k":[100,100],"ix":3},"r":{"a":0,"k":0,"ix":6},"o":{"a":0,"k":100,"ix":7},"sk":{"a":0,"k":0,"ix":4},"sa":{"a":0,"k":0,"ix":5},"nm":"Transform"}],"nm":"Group 3","np":2,"cix":2,"bm":0,"ix":3,"mn":"ADBE Vector Group","hd":false},{"ty":"gr","it":[{"ind":0,"ty":"sh","ix":1,"ks":{"a":0,"k":{"i":[[0,0],[2.75,0],[0,0],[0,2.75],[0,0],[-2.75,0],[0,0],[0,-2.75]],"o":[[0,2.75],[0,0],[-2.75,0],[0,0],[0,-2.75],[0,0],[2.75,0],[0,0]],"v":[[130.5,14.5],[125.5,19.5],[-125.5,19.5],[-130.5,14.5],[-130.5,-14.5],[-125.5,-19.5],[125.5,-19.5],[130.5,-14.5]],"c":true},"ix":2},"nm":"Path 1","mn":"ADBE Vector Shape - Group","hd":false},{"ty":"fl","c":{"a":0,"k":[1,0.816000007181,0.051000000449,1],"ix":4},"o":{"a":0,"k":100,"ix":5},"r":1,"bm":0,"nm":"Fill 1","mn":"ADBE Vector Graphic - Fill","hd":false},{"ty":"tr","p":{"a":1,"k":[{"i":{"x":0.833,"y":0.833},"o":{"x":0.167,"y":0.167},"t":0,"s":[185.582,42.25],"to":[0,-3.75],"ti":[0,0]},{"i":{"x":0.833,"y":0.833},"o":{"x":0.167,"y":0.167},"t":57,"s":[185.582,19.75],"to":[0,0],"ti":[0,-3.75]},{"t":109,"s":[185.582,42.25]}],"ix":2},"a":{"a":0,"k":[0,0],"ix":1},"s":{"a":0,"k":[100,100],"ix":3},"r":{"a":0,"k":0,"ix":6},"o":{"a":0,"k":100,"ix":7},"sk":{"a":0,"k":0,"ix":4},"sa":{"a":0,"k":0,"ix":5},"nm":"Transform"}],"nm":"Group 4","np":2,"cix":2,"bm":0,"ix":4,"mn":"ADBE Vector Group","hd":false},{"ty":"gr","it":[{"ind":0,"ty":"sh","ix":1,"ks":{"a":0,"k":{"i":[[-0.339,1.978],[0,0],[0.775,0.755],[0,0],[-0.619,2.472],[0,0],[0.781,-2.402],[-2.122,-2.069],[0,0],[0.169,-0.985],[0,0],[-1.284,-1.523],[-1.856,0],[-1.244,0.654],[0,0]],"o":[[0,0],[0.183,-1.067],[0,0],[-2.169,-2.115],[0,0],[-2.932,0.426],[-0.781,2.402],[0,0],[0.715,0.697],[0,0],[-0.396,2.315],[1.159,1.374],[1.223,0],[0,0],[-0.804,-1.502]],"v":[[14.333,21.185],[18.502,-3.121],[17.235,-7.022],[-0.426,-24.237],[-2.821,-31.414],[-12.062,-30.072],[-17.904,-25.622],[-15.794,-18.587],[0.504,-2.701],[1.673,0.9],[-2.175,23.332],[-0.799,29.284],[3.876,31.414],[7.593,30.43],[15.064,26.501]],"c":true},"ix":2},"nm":"Path 1","mn":"ADBE Vector Shape - Group","hd":false},{"ty":"fl","c":{"a":0,"k":[1,0.685999971278,0.063000002094,1],"ix":4},"o":{"a":0,"k":100,"ix":5},"r":1,"bm":0,"nm":"Fill 1","mn":"ADBE Vector Graphic - Fill","hd":false},{"ty":"tr","p":{"a":1,"k":[{"i":{"x":0.833,"y":0.833},"o":{"x":0.167,"y":0.167},"t":0,"s":[155.949,193.536],"to":[0,-3.833],"ti":[0,0]},{"i":{"x":0.833,"y":0.833},"o":{"x":0.167,"y":0.167},"t":57,"s":[155.949,170.536],"to":[0,0],"ti":[0,-3.833]},{"t":109,"s":[155.949,193.536]}],"ix":2},"a":{"a":0,"k":[0,0],"ix":1},"s":{"a":0,"k":[100,100],"ix":3},"r":{"a":0,"k":0,"ix":6},"o":{"a":0,"k":100,"ix":7},"sk":{"a":0,"k":0,"ix":4},"sa":{"a":0,"k":0,"ix":5},"nm":"Transform"}],"nm":"Group 5","np":2,"cix":2,"bm":0,"ix":5,"mn":"ADBE Vector Group","hd":false},{"ty":"gr","it":[{"ind":0,"ty":"sh","ix":1,"ks":{"a":0,"k":{"i":[[1.855,0],[1.243,0.654],[0,0],[0.909,0],[0.306,-0.16],[0,0],[1.222,0],[1.158,1.374],[-0.397,2.315],[0,0],[0.715,0.698],[0,0],[-0.781,2.402],[-2.932,0.426],[0,0],[-0.442,0.896],[0,0],[-2.526,0],[-1.31,-2.657],[0,0],[-0.988,-0.143],[0,0],[-0.78,-2.402],[2.121,-2.068],[0,0],[-0.169,-0.985],[0,0],[1.284,-1.523]],"o":[[-1.223,0.001],[0,0],[-0.304,-0.16],[-0.91,0],[0,0],[-1.244,0.654],[-1.856,0],[-1.285,-1.523],[0,0],[0.169,-0.985],[0,0],[-2.122,-2.069],[0.781,-2.402],[0,0],[0.988,-0.144],[0,0],[1.312,-2.657],[2.526,0],[0,0],[0.442,0.896],[0,0],[2.931,0.426],[0.782,2.402],[0,0],[-0.716,0.697],[0,0],[0.397,2.315],[-1.158,1.374]],"v":[[25.755,45.786],[22.038,44.801],[1.891,34.21],[0,33.863],[-1.894,34.21],[-22.039,44.801],[-25.756,45.786],[-30.431,43.655],[-31.807,37.703],[-27.959,15.271],[-29.128,11.671],[-45.426,-4.216],[-47.536,-11.251],[-41.694,-15.7],[-19.172,-18.972],[-16.11,-21.197],[-6.038,-41.607],[0,-45.787],[6.037,-41.607],[16.11,-21.197],[19.171,-18.972],[41.694,-15.7],[47.535,-11.251],[45.427,-4.217],[29.128,11.671],[27.958,15.271],[31.805,37.703],[30.43,43.655]],"c":true},"ix":2},"nm":"Path 1","mn":"ADBE Vector Shape - Group","hd":false},{"ty":"fl","c":{"a":0,"k":[1,0.816000007181,0.051000000449,1],"ix":4},"o":{"a":0,"k":100,"ix":5},"r":1,"bm":0,"nm":"Fill 1","mn":"ADBE Vector Graphic - Fill","hd":false},{"ty":"tr","p":{"a":1,"k":[{"i":{"x":0.833,"y":0.833},"o":{"x":0.167,"y":0.167},"t":0,"s":[185.583,179.162],"to":[0,-3.833],"ti":[0,0]},{"i":{"x":0.833,"y":0.833},"o":{"x":0.167,"y":0.167},"t":56,"s":[185.583,156.162],"to":[0,0],"ti":[0,-3.833]},{"t":109,"s":[185.583,179.162]}],"ix":2},"a":{"a":0,"k":[0,0],"ix":1},"s":{"a":0,"k":[100,100],"ix":3},"r":{"a":0,"k":0,"ix":6},"o":{"a":0,"k":100,"ix":7},"sk":{"a":0,"k":0,"ix":4},"sa":{"a":0,"k":0,"ix":5},"nm":"Transform"}],"nm":"Group 6","np":2,"cix":2,"bm":0,"ix":6,"mn":"ADBE Vector Group","hd":false},{"ty":"gr","it":[{"ind":0,"ty":"sh","ix":1,"ks":{"a":0,"k":{"i":[[0,37.648],[-36.379,4.666],[3.222,0],[0,-40.869],[-40.869,0],[-3.112,0.399]],"o":[[0,-37.648],[-3.112,-0.399],[-40.869,0],[0,40.869],[3.222,0],[-36.379,-4.665]],"v":[[-22.75,0],[41.75,-73.372],[32.25,-74],[-41.75,0],[32.25,74],[41.75,73.372]],"c":true},"ix":2},"nm":"Path 1","mn":"ADBE Vector Shape - Group","hd":false},{"ty":"fl","c":{"a":0,"k":[0.788000009574,0.368999974868,0.136999990426,1],"ix":4},"o":{"a":0,"k":100,"ix":5},"r":1,"bm":0,"nm":"Fill 1","mn":"ADBE Vector Graphic - Fill","hd":false},{"ty":"tr","p":{"a":1,"k":[{"i":{"x":0.833,"y":0.833},"o":{"x":0.167,"y":0.167},"t":0,"s":[153.332,180.249],"to":[0,-4.083],"ti":[0,0]},{"i":{"x":0.833,"y":0.833},"o":{"x":0.167,"y":0.167},"t":57,"s":[153.332,155.749],"to":[0,0],"ti":[0,-4.083]},{"t":109,"s":[153.332,180.249]}],"ix":2},"a":{"a":0,"k":[0,0],"ix":1},"s":{"a":0,"k":[100,100],"ix":3},"r":{"a":0,"k":0,"ix":6},"o":{"a":0,"k":100,"ix":7},"sk":{"a":0,"k":0,"ix":4},"sa":{"a":0,"k":0,"ix":5},"nm":"Transform"}],"nm":"Group 7","np":2,"cix":2,"bm":0,"ix":7,"mn":"ADBE Vector Group","hd":false},{"ty":"gr","it":[{"ind":0,"ty":"sh","ix":1,"ks":{"a":0,"k":{"i":[[-40.869,0],[0,-40.869],[40.869,0],[0,40.869]],"o":[[40.869,0],[0,40.869],[-40.869,0],[0,-40.869]],"v":[[0,-74],[74,0],[0,74],[-74,0]],"c":true},"ix":2},"nm":"Path 1","mn":"ADBE Vector Shape - Group","hd":false},{"ty":"fl","c":{"a":0,"k":[0.859000052658,0.447000002394,0.172999991623,1],"ix":4},"o":{"a":0,"k":100,"ix":5},"r":1,"bm":0,"nm":"Fill 1","mn":"ADBE Vector Graphic - Fill","hd":false},{"ty":"tr","p":{"a":1,"k":[{"i":{"x":0.833,"y":0.833},"o":{"x":0.167,"y":0.167},"t":0,"s":[185.582,180.25],"to":[0,-4.083],"ti":[0,0]},{"i":{"x":0.833,"y":0.833},"o":{"x":0.167,"y":0.167},"t":57,"s":[185.582,155.75],"to":[0,0],"ti":[0,-4.083]},{"t":109,"s":[185.582,180.25]}],"ix":2},"a":{"a":0,"k":[0,0],"ix":1},"s":{"a":0,"k":[100,100],"ix":3},"r":{"a":0,"k":0,"ix":6},"o":{"a":0,"k":100,"ix":7},"sk":{"a":0,"k":0,"ix":4},"sa":{"a":0,"k":0,"ix":5},"nm":"Transform"}],"nm":"Group 8","np":2,"cix":2,"bm":0,"ix":8,"mn":"ADBE Vector Group","hd":false},{"ty":"gr","it":[{"ind":0,"ty":"sh","ix":1,"ks":{"a":0,"k":{"i":[[0,56.351],[0,0],[0,0],[0,0],[-60.043,0],[-3.548,0.351]],"o":[[0,0],[0,0],[0,0],[0,60.043],[3.641,0],[-54.908,-5.485]],"v":[[-38.032,15.782],[-38.032,-124.5],[-59.75,-124.5],[-59.75,15.782],[48.968,124.5],[59.75,123.955]],"c":true},"ix":2},"nm":"Path 1","mn":"ADBE Vector Shape - Group","hd":false},{"ty":"fl","c":{"a":0,"k":[0.859000052658,0.447000002394,0.172999991623,1],"ix":4},"o":{"a":0,"k":100,"ix":5},"r":1,"bm":0,"nm":"Fill 1","mn":"ADBE Vector Graphic - Fill","hd":false},{"ty":"tr","p":{"a":1,"k":[{"i":{"x":0.833,"y":0.833},"o":{"x":0.167,"y":0.167},"t":0,"s":[136.614,184.753],"to":[0,-3.833],"ti":[0,0]},{"i":{"x":0.833,"y":0.833},"o":{"x":0.167,"y":0.167},"t":56,"s":[136.614,161.753],"to":[0,0],"ti":[0,-3.833]},{"t":109,"s":[136.614,184.753]}],"ix":2},"a":{"a":0,"k":[0,0],"ix":1},"s":{"a":0,"k":[100,100],"ix":3},"r":{"a":0,"k":0,"ix":6},"o":{"a":0,"k":100,"ix":7},"sk":{"a":0,"k":0,"ix":4},"sa":{"a":0,"k":0,"ix":5},"nm":"Transform"}],"nm":"Group 9","np":2,"cix":2,"bm":0,"ix":9,"mn":"ADBE Vector Group","hd":false},{"ty":"gr","it":[{"ind":0,"ty":"sh","ix":1,"ks":{"a":0,"k":{"i":[[0,0],[0,0],[-60.043,0],[0,60.043],[0,0]],"o":[[0,0],[0,60.043],[60.043,0],[0,0],[0,0]],"v":[[-108.718,-124.001],[-108.718,15.284],[-0.001,124.001],[108.718,15.284],[108.718,-124.001]],"c":true},"ix":2},"nm":"Path 1","mn":"ADBE Vector Shape - Group","hd":false},{"ty":"fl","c":{"a":0,"k":[0.936999990426,0.513999968884,0.093999997307,1],"ix":4},"o":{"a":0,"k":100,"ix":5},"r":1,"bm":0,"nm":"Fill 1","mn":"ADBE Vector Graphic - Fill","hd":false},{"ty":"tr","p":{"a":1,"k":[{"i":{"x":0.833,"y":0.833},"o":{"x":0.167,"y":0.167},"t":0,"s":[185.582,185.251],"to":[0,-3.833],"ti":[0,0]},{"i":{"x":0.833,"y":0.833},"o":{"x":0.167,"y":0.167},"t":56,"s":[185.582,162.251],"to":[0,0],"ti":[0,-3.833]},{"t":109,"s":[185.582,185.251]}],"ix":2},"a":{"a":0,"k":[0,0],"ix":1},"s":{"a":0,"k":[100,100],"ix":3},"r":{"a":0,"k":0,"ix":6},"o":{"a":0,"k":100,"ix":7},"sk":{"a":0,"k":0,"ix":4},"sa":{"a":0,"k":0,"ix":5},"nm":"Transform"}],"nm":"Group 10","np":2,"cix":2,"bm":0,"ix":10,"mn":"ADBE Vector Group","hd":false},{"ty":"gr","it":[{"ind":0,"ty":"sh","ix":1,"ks":{"a":0,"k":{"i":[[0,5.808],[0,0],[2.14,43.803],[0,0],[0,0],[0.552,0],[0,0],[0,2.206],[0,0],[0,0],[0,-9.416],[-47.722,-33.563]],"o":[[0,0],[-30.475,-27.691],[0,0],[0,0],[0,-0.552],[0,0],[-2.206,0],[0,0],[0,0],[-9.416,0],[0,62.646],[-0.889,-5.562]],"v":[[38.129,67.312],[38.129,51.35],[-14.292,-59.382],[38.129,-59.382],[38.129,-70.973],[37.129,-71.973],[20.346,-71.973],[16.346,-75.973],[16.346,-84.382],[-22.409,-84.382],[-39.486,-67.305],[39.486,84.382]],"c":true},"ix":2},"nm":"Path 1","mn":"ADBE Vector Shape - Group","hd":false},{"ty":"fl","c":{"a":0,"k":[1,0.816000007181,0.051000000449,1],"ix":4},"o":{"a":0,"k":100,"ix":5},"r":1,"bm":0,"nm":"Fill 1","mn":"ADBE Vector Graphic - Fill","hd":false},{"ty":"tr","p":{"a":1,"k":[{"i":{"x":0.833,"y":0.833},"o":{"x":0.167,"y":0.167},"t":0,"s":[39.735,131.223],"to":[0,-3.5],"ti":[0,0.167]},{"i":{"x":0.833,"y":0.833},"o":{"x":0.167,"y":0.167},"t":56,"s":[39.735,110.223],"to":[0,-0.167],"ti":[0,-3.333]},{"t":109,"s":[39.735,130.223]}],"ix":2},"a":{"a":0,"k":[0,0],"ix":1},"s":{"a":0,"k":[100,100],"ix":3},"r":{"a":0,"k":0,"ix":6},"o":{"a":0,"k":100,"ix":7},"sk":{"a":0,"k":0,"ix":4},"sa":{"a":0,"k":0,"ix":5},"nm":"Transform"}],"nm":"Group 11","np":2,"cix":2,"bm":0,"ix":11,"mn":"ADBE Vector Group","hd":false},{"ty":"gr","it":[{"ind":0,"ty":"sh","ix":1,"ks":{"a":0,"k":{"i":[[9.416,0],[0,0],[0,0],[2.206,0],[0,0],[0,-0.552],[0,0],[0,0],[30.476,-27.691],[0,0],[0.889,-5.561],[0,62.645]],"o":[[0,0],[0,0],[0,2.206],[0,0],[-0.553,0],[0,0],[0,0],[-2.141,43.803],[0,0],[0,5.808],[47.723,-33.563],[0,-9.417]],"v":[[22.409,-84.382],[-16.346,-84.382],[-16.346,-75.972],[-20.346,-71.972],[-37.127,-71.972],[-38.127,-70.972],[-38.127,-59.382],[14.293,-59.382],[-38.127,51.35],[-38.127,67.313],[-39.486,84.382],[39.486,-67.304]],"c":true},"ix":2},"nm":"Path 1","mn":"ADBE Vector Shape - Group","hd":false},{"ty":"fl","c":{"a":0,"k":[1,0.685999971278,0.063000002094,1],"ix":4},"o":{"a":0,"k":100,"ix":5},"r":1,"bm":0,"nm":"Fill 1","mn":"ADBE Vector Graphic - Fill","hd":false},{"ty":"tr","p":{"a":1,"k":[{"i":{"x":0.833,"y":0.833},"o":{"x":0.167,"y":0.167},"t":0,"s":[331.428,130.722],"to":[0,-3.417],"ti":[0,0]},{"i":{"x":0.833,"y":0.833},"o":{"x":0.167,"y":0.167},"t":57,"s":[331.428,110.222],"to":[0,0],"ti":[0,-3.417]},{"t":109,"s":[331.428,130.722]}],"ix":2},"a":{"a":0,"k":[0,0],"ix":1},"s":{"a":0,"k":[100,100],"ix":3},"r":{"a":0,"k":0,"ix":6},"o":{"a":0,"k":100,"ix":7},"sk":{"a":0,"k":0,"ix":4},"sa":{"a":0,"k":0,"ix":5},"nm":"Transform"}],"nm":"Group 12","np":2,"cix":2,"bm":0,"ix":12,"mn":"ADBE Vector Group","hd":false},{"ty":"gr","it":[{"ind":0,"ty":"sh","ix":1,"ks":{"a":0,"k":{"i":[[0,0],[-2.75,0],[0,0],[0,-2.75],[0,0],[-10.544,-4.168]],"o":[[0,-2.75],[0,0],[-2.75,0],[0,0],[9.769,5.529],[0,0]],"v":[[12.75,-9.461],[17.75,-14.461],[-12.75,-14.461],[-17.75,-9.461],[-17.75,-0.109],[12.75,14.462]],"c":true},"ix":2},"nm":"Path 1","mn":"ADBE Vector Shape - Group","hd":false},{"ty":"fl","c":{"a":0,"k":[0.666999966491,0.419999994016,0.246999987434,1],"ix":4},"o":{"a":0,"k":100,"ix":5},"r":1,"bm":0,"nm":"Fill 1","mn":"ADBE Vector Graphic - Fill","hd":false},{"ty":"tr","p":{"a":0,"k":[82.832,480.711],"ix":2},"a":{"a":0,"k":[0,0],"ix":1},"s":{"a":0,"k":[100,100],"ix":3},"r":{"a":0,"k":0,"ix":6},"o":{"a":0,"k":100,"ix":7},"sk":{"a":0,"k":0,"ix":4},"sa":{"a":0,"k":0,"ix":5},"nm":"Transform"}],"nm":"Group 13","np":2,"cix":2,"bm":0,"ix":13,"mn":"ADBE Vector Group","hd":false},{"ty":"gr","it":[{"ind":0,"ty":"sh","ix":1,"ks":{"a":0,"k":{"i":[[2.75,0],[0,0],[0,-2.75],[0,0],[-43.805,0],[-35.582,20.14],[0,0]],"o":[[0,0],[-2.75,0],[0,0],[35.582,20.139],[43.805,0],[0,0],[0,-2.75]],"v":[[115.5,-23],[-115.5,-23],[-120.5,-18],[-120.5,-8.648],[0,23],[120.5,-8.649],[120.5,-18]],"c":true},"ix":2},"nm":"Path 1","mn":"ADBE Vector Shape - Group","hd":false},{"ty":"fl","c":{"a":0,"k":[0.74900004069,0.493999974868,0.322000002394,1],"ix":4},"o":{"a":0,"k":100,"ix":5},"r":1,"bm":0,"nm":"Fill 1","mn":"ADBE Vector Graphic - Fill","hd":false},{"ty":"tr","p":{"a":0,"k":[185.582,489.25],"ix":2},"a":{"a":0,"k":[0,0],"ix":1},"s":{"a":0,"k":[100,100],"ix":3},"r":{"a":0,"k":0,"ix":6},"o":{"a":0,"k":100,"ix":7},"sk":{"a":0,"k":0,"ix":4},"sa":{"a":0,"k":0,"ix":5},"nm":"Transform"}],"nm":"Group 14","np":2,"cix":2,"bm":0,"ix":14,"mn":"ADBE Vector Group","hd":false},{"ty":"gr","it":[{"ind":0,"ty":"sh","ix":1,"ks":{"a":0,"k":{"i":[[0,2.75],[0,0],[-2.75,0],[0,0],[0,-2.75],[0,0],[-2.75,0],[0,0]],"o":[[0,0],[0,-2.75],[0,0],[-2.75,0],[0,0],[0,2.75],[0,0],[-2.75,0]],"v":[[7.488,21],[7.488,-21],[12.488,-26],[-7.489,-26],[-12.489,-21],[-12.489,21],[-7.489,26],[12.488,26]],"c":true},"ix":2},"nm":"Path 1","mn":"ADBE Vector Shape - Group","hd":false},{"ty":"fl","c":{"a":0,"k":[0.102000000898,0.169000004787,0.388000009574,1],"ix":4},"o":{"a":0,"k":100,"ix":5},"r":1,"bm":0,"nm":"Fill 1","mn":"ADBE Vector Graphic - Fill","hd":false},{"ty":"tr","p":{"a":0,"k":[131.048,424.25],"ix":2},"a":{"a":0,"k":[0,0],"ix":1},"s":{"a":0,"k":[100,100],"ix":3},"r":{"a":0,"k":0,"ix":6},"o":{"a":0,"k":100,"ix":7},"sk":{"a":0,"k":0,"ix":4},"sa":{"a":0,"k":0,"ix":5},"nm":"Transform"}],"nm":"Group 15","np":2,"cix":2,"bm":0,"ix":15,"mn":"ADBE Vector Group","hd":false},{"ty":"gr","it":[{"ind":0,"ty":"sh","ix":1,"ks":{"a":0,"k":{"i":[[0,0],[2.75,0],[0,0],[0,2.75],[0,0],[-2.75,0],[0,0],[0,-2.75]],"o":[[0,2.75],[0,0],[-2.75,0],[0,0],[0,-2.75],[0,0],[2.75,0],[0,0]],"v":[[67.022,21],[62.022,26],[-62.022,26],[-67.022,21],[-67.022,-21],[-62.022,-26],[62.022,-26],[67.022,-21]],"c":true},"ix":2},"nm":"Path 1","mn":"ADBE Vector Shape - Group","hd":false},{"ty":"fl","c":{"a":0,"k":[0.161000001197,0.238999998803,0.486000001197,1],"ix":4},"o":{"a":0,"k":100,"ix":5},"r":1,"bm":0,"nm":"Fill 1","mn":"ADBE Vector Graphic - Fill","hd":false},{"ty":"tr","p":{"a":0,"k":[185.582,424.25],"ix":2},"a":{"a":0,"k":[0,0],"ix":1},"s":{"a":0,"k":[100,100],"ix":3},"r":{"a":0,"k":0,"ix":6},"o":{"a":0,"k":100,"ix":7},"sk":{"a":0,"k":0,"ix":4},"sa":{"a":0,"k":0,"ix":5},"nm":"Transform"}],"nm":"Group 16","np":2,"cix":2,"bm":0,"ix":16,"mn":"ADBE Vector Group","hd":false},{"ty":"gr","it":[{"ind":0,"ty":"sh","ix":1,"ks":{"a":0,"k":{"i":[[0,0],[0,0],[-2.75,0],[0,0],[0,-2.75],[0,0]],"o":[[0,0],[0,-2.75],[0,0],[-2.75,0],[0,0],[0,0]],"v":[[5.25,43.5],[5.25,-38.5],[10.25,-43.5],[-5.25,-43.5],[-10.25,-38.5],[-10.25,43.5]],"c":true},"ix":2},"nm":"Path 1","mn":"ADBE Vector Shape - Group","hd":false},{"ty":"fl","c":{"a":0,"k":[0.528999956916,0.313999998803,0.165000002992,1],"ix":4},"o":{"a":0,"k":100,"ix":5},"r":1,"bm":0,"nm":"Fill 1","mn":"ADBE Vector Graphic - Fill","hd":false},{"ty":"tr","p":{"a":0,"k":[101.332,423.75],"ix":2},"a":{"a":0,"k":[0,0],"ix":1},"s":{"a":0,"k":[100,100],"ix":3},"r":{"a":0,"k":0,"ix":6},"o":{"a":0,"k":100,"ix":7},"sk":{"a":0,"k":0,"ix":4},"sa":{"a":0,"k":0,"ix":5},"nm":"Transform"}],"nm":"Group 17","np":2,"cix":2,"bm":0,"ix":17,"mn":"ADBE Vector Group","hd":false},{"ty":"gr","it":[{"ind":0,"ty":"sh","ix":1,"ks":{"a":0,"k":{"i":[[0,0],[0,0],[2.75,0],[0,0],[0,-2.75],[0,0]],"o":[[0,0],[0,-2.75],[0,0],[-2.75,0],[0,0],[0,0]],"v":[[94.5,43.5],[94.5,-38.5],[89.5,-43.5],[-89.5,-43.5],[-94.5,-38.5],[-94.5,43.5]],"c":true},"ix":2},"nm":"Path 1","mn":"ADBE Vector Shape - Group","hd":false},{"ty":"fl","c":{"a":0,"k":[0.626999978458,0.372999991623,0.2,1],"ix":4},"o":{"a":0,"k":100,"ix":5},"r":1,"bm":0,"nm":"Fill 1","mn":"ADBE Vector Graphic - Fill","hd":false},{"ty":"tr","p":{"a":0,"k":[185.582,423.75],"ix":2},"a":{"a":0,"k":[0,0],"ix":1},"s":{"a":0,"k":[100,100],"ix":3},"r":{"a":0,"k":0,"ix":6},"o":{"a":0,"k":100,"ix":7},"sk":{"a":0,"k":0,"ix":4},"sa":{"a":0,"k":0,"ix":5},"nm":"Transform"}],"nm":"Group 18","np":2,"cix":2,"bm":0,"ix":18,"mn":"ADBE Vector Group","hd":false},{"ty":"gr","it":[{"ind":0,"ty":"sh","ix":1,"ks":{"a":0,"k":{"i":[[0,0],[0,0],[-2.75,0],[0,0],[0,-2.75],[0,0]],"o":[[0,0],[0,-2.75],[0,0],[-2.75,0],[0,0],[0,0]],"v":[[12.5,11],[12.5,-6],[17.5,-11],[-12.5,-11],[-17.5,-6],[-17.5,11]],"c":true},"ix":2},"nm":"Path 1","mn":"ADBE Vector Shape - Group","hd":false},{"ty":"fl","c":{"a":0,"k":[0.859000052658,0.447000002394,0.172999991623,1],"ix":4},"o":{"a":0,"k":100,"ix":5},"r":1,"bm":0,"nm":"Fill 1","mn":"ADBE Vector Graphic - Fill","hd":false},{"ty":"tr","p":{"a":0,"k":[164.082,371.25],"ix":2},"a":{"a":0,"k":[0,0],"ix":1},"s":{"a":0,"k":[100,100],"ix":3},"r":{"a":0,"k":0,"ix":6},"o":{"a":0,"k":100,"ix":7},"sk":{"a":0,"k":0,"ix":4},"sa":{"a":0,"k":0,"ix":5},"nm":"Transform"}],"nm":"Group 19","np":2,"cix":2,"bm":0,"ix":19,"mn":"ADBE Vector Group","hd":false},{"ty":"gr","it":[{"ind":0,"ty":"sh","ix":1,"ks":{"a":0,"k":{"i":[[0,0],[0,0],[2.75,0],[0,0],[0,-2.75],[0,0]],"o":[[0,0],[0,-2.75],[0,0],[-2.75,0],[0,0],[0,0]],"v":[[39,11],[39,-6],[34,-11],[-34,-11],[-39,-6],[-39,11]],"c":true},"ix":2},"nm":"Path 1","mn":"ADBE Vector Shape - Group","hd":false},{"ty":"fl","c":{"a":0,"k":[0.936999990426,0.513999968884,0.093999997307,1],"ix":4},"o":{"a":0,"k":100,"ix":5},"r":1,"bm":0,"nm":"Fill 1","mn":"ADBE Vector Graphic - Fill","hd":false},{"ty":"tr","p":{"a":0,"k":[185.582,371.25],"ix":2},"a":{"a":0,"k":[0,0],"ix":1},"s":{"a":0,"k":[100,100],"ix":3},"r":{"a":0,"k":0,"ix":6},"o":{"a":0,"k":100,"ix":7},"sk":{"a":0,"k":0,"ix":4},"sa":{"a":0,"k":0,"ix":5},"nm":"Transform"}],"nm":"Group 20","np":2,"cix":2,"bm":0,"ix":20,"mn":"ADBE Vector Group","hd":false},{"ty":"gr","it":[{"ind":0,"ty":"sh","ix":1,"ks":{"a":0,"k":{"i":[[0.826,12.616],[9.736,3.694],[0,0],[-14.928,0],[0,0],[-1.432,0.235]],"o":[[-10.838,-0.71],[0,0],[0,14.928],[0,0],[1.499,0],[-12.259,-2.008]],"v":[[4.208,-9.258],[-26.771,-15.979],[-26.771,-11.049],[0.258,15.979],[22.372,15.979],[26.771,15.617]],"c":true},"ix":2},"nm":"Path 1","mn":"ADBE Vector Shape - Group","hd":false},{"ty":"fl","c":{"a":0,"k":[1,0.685999971278,0.063000002094,1],"ix":4},"o":{"a":0,"k":100,"ix":5},"r":1,"bm":0,"nm":"Fill 1","mn":"ADBE Vector Graphic - Fill","hd":false},{"ty":"tr","p":{"a":1,"k":[{"i":{"x":0.833,"y":0.833},"o":{"x":0.167,"y":0.167},"t":0,"s":[174.268,317.896],"to":[0,-3.938],"ti":[0,0]},{"i":{"x":0.833,"y":0.833},"o":{"x":0.167,"y":0.167},"t":56,"s":[174.268,294.271],"to":[0,0],"ti":[0,-3.938]},{"t":109,"s":[174.268,317.896]}],"ix":2},"a":{"a":0,"k":[0,0],"ix":1},"s":{"a":0,"k":[100,100],"ix":3},"r":{"a":0,"k":0,"ix":6},"o":{"a":0,"k":100,"ix":7},"sk":{"a":0,"k":0,"ix":4},"sa":{"a":0,"k":0,"ix":5},"nm":"Transform"}],"nm":"Group 21","np":2,"cix":2,"bm":0,"ix":21,"mn":"ADBE Vector Group","hd":false},{"ty":"gr","it":[{"ind":0,"ty":"sh","ix":1,"ks":{"a":0,"k":{"i":[[13.403,0],[11.847,4.493],[0,0],[-14.928,0],[0,0],[0,14.927],[0,0]],"o":[[-13.403,0],[0,0],[0,14.927],[0,0],[14.928,0],[0,0],[-11.848,4.493]],"v":[[0,-9.018],[-38.086,-15.979],[-38.086,-11.049],[-11.057,15.979],[11.057,15.979],[38.086,-11.049],[38.086,-15.979]],"c":true},"ix":2},"nm":"Path 1","mn":"ADBE Vector Shape - Group","hd":false},{"ty":"fl","c":{"a":0,"k":[1,0.816000007181,0.051000000449,1],"ix":4},"o":{"a":0,"k":100,"ix":5},"r":1,"bm":0,"nm":"Fill 1","mn":"ADBE Vector Graphic - Fill","hd":false},{"ty":"tr","p":{"a":1,"k":[{"i":{"x":0.833,"y":0.833},"o":{"x":0.167,"y":0.167},"t":0,"s":[185.582,317.771],"to":[0,-3.917],"ti":[0,0]},{"i":{"x":0.833,"y":0.833},"o":{"x":0.167,"y":0.167},"t":57,"s":[185.582,294.271],"to":[0,0],"ti":[0,-3.917]},{"t":109,"s":[185.582,317.771]}],"ix":2},"a":{"a":0,"k":[0,0],"ix":1},"s":{"a":0,"k":[100,100],"ix":3},"r":{"a":0,"k":0,"ix":6},"o":{"a":0,"k":100,"ix":7},"sk":{"a":0,"k":0,"ix":4},"sa":{"a":0,"k":0,"ix":5},"nm":"Transform"}],"nm":"Group 22","np":2,"cix":2,"bm":0,"ix":22,"mn":"ADBE Vector Group","hd":false},{"ty":"gr","it":[{"ind":0,"ty":"sh","ix":1,"ks":{"a":0,"k":{"i":[[0,0],[0,0],[0,0],[2.065,0.506],[0,0]],"o":[[0,0],[0,0],[-2.221,0],[0,0],[0,0]],"v":[[7.75,26.807],[7.75,-26.029],[-1.307,-26.029],[-7.75,-26.807],[-7.75,26.807]],"c":true},"ix":2},"nm":"Path 1","mn":"ADBE Vector Shape - Group","hd":false},{"ty":"fl","c":{"a":0,"k":[0.936999990426,0.588000009574,0.078000005086,1],"ix":4},"o":{"a":0,"k":100,"ix":5},"r":1,"bm":0,"nm":"Fill 1","mn":"ADBE Vector Graphic - Fill","hd":false},{"ty":"tr","p":{"a":1,"k":[{"i":{"x":0.833,"y":0.833},"o":{"x":0.167,"y":0},"t":0,"s":[176.332,346.986],"to":[-0.083,-1.958],"ti":[0,0.083]},{"i":{"x":0.833,"y":1},"o":{"x":0.167,"y":0.167},"t":56,"s":[175.832,335.236],"to":[0,-0.083],"ti":[-0.083,-1.875]},{"t":109,"s":[176.332,346.486]}],"ix":2},"a":{"a":0,"k":[0,0],"ix":1},"s":{"a":1,"k":[{"i":{"x":[0.833,0.833],"y":[1,0.833]},"o":{"x":[0.167,0.167],"y":[0,0]},"t":0,"s":[100,49.856]},{"i":{"x":[0.833,0.833],"y":[1,1]},"o":{"x":[0.167,0.167],"y":[0,0.167]},"t":56,"s":[100,100]},{"t":109,"s":[100,51.75]}],"ix":3},"r":{"a":0,"k":0,"ix":6},"o":{"a":0,"k":100,"ix":7},"sk":{"a":0,"k":0,"ix":4},"sa":{"a":0,"k":0,"ix":5},"nm":"Transform"}],"nm":"Group 23","np":2,"cix":2,"bm":0,"ix":23,"mn":"ADBE Vector Group","hd":false},{"ty":"gr","it":[{"ind":0,"ty":"sh","ix":1,"ks":{"a":0,"k":{"i":[[0,0],[0,0],[2.221,0],[0,0],[2.065,0.506],[0,0]],"o":[[0,0],[-2.065,0.506],[0,0],[-2.221,0],[0,0],[0,0]],"v":[[17.5,26.807],[17.5,-26.807],[11.057,-26.029],[-11.057,-26.029],[-17.5,-26.807],[-17.5,26.807]],"c":true},"ix":2},"nm":"Path 1","mn":"ADBE Vector Shape - Group","hd":false},{"ty":"fl","c":{"a":0,"k":[1,0.685999971278,0.063000002094,1],"ix":4},"o":{"a":0,"k":100,"ix":5},"r":1,"bm":0,"nm":"Fill 1","mn":"ADBE Vector Graphic - Fill","hd":false},{"ty":"tr","p":{"a":1,"k":[{"i":{"x":0.833,"y":0.833},"o":{"x":0.167,"y":0.167},"t":0,"s":[185.582,346.986],"to":[0,-1.958],"ti":[0,0.042]},{"i":{"x":0.833,"y":0.833},"o":{"x":0.167,"y":0.167},"t":56,"s":[185.582,335.236],"to":[0,-0.042],"ti":[0,-1.917]},{"t":109,"s":[185.582,346.736]}],"ix":2},"a":{"a":0,"k":[0,0],"ix":1},"s":{"a":1,"k":[{"i":{"x":[0.833,0.833],"y":[0.833,0.833]},"o":{"x":[0.167,0.167],"y":[0.167,0.167]},"t":0,"s":[100,51.038]},{"i":{"x":[0.833,0.833],"y":[0.833,0.833]},"o":{"x":[0.167,0.167],"y":[0.167,0.167]},"t":56,"s":[100,100]},{"t":109,"s":[100,51.032]}],"ix":3},"r":{"a":0,"k":0,"ix":6},"o":{"a":0,"k":100,"ix":7},"sk":{"a":0,"k":0,"ix":4},"sa":{"a":0,"k":0,"ix":5},"nm":"Transform"}],"nm":"Group 24","np":2,"cix":2,"bm":0,"ix":24,"mn":"ADBE Vector Group","hd":false}],"ip":0,"op":110,"st":0,"bm":0},{"ddd":0,"ind":5,"ty":4,"nm":"Шар 25 Outlines","sr":1,"ks":{"o":{"a":0,"k":100,"ix":11},"r":{"a":0,"k":0,"ix":10},"p":{"a":0,"k":[256,267,0],"ix":2},"a":{"a":0,"k":[245.25,245.25,0],"ix":1},"s":{"a":0,"k":[100,100,100],"ix":6}},"ao":0,"shapes":[{"ty":"gr","it":[{"ind":0,"ty":"sh","ix":1,"ks":{"a":0,"k":{"i":[[-135.31,0],[0,-135.31],[135.31,0],[0,135.31]],"o":[[135.31,0],[0,135.31],[-135.31,0],[0,-135.31]],"v":[[0,-245],[245,0],[0,245],[-245,0]],"c":true},"ix":2},"nm":"Path 1","mn":"ADBE Vector Shape - Group","hd":false},{"ty":"fl","c":{"a":0,"k":[0.102000000898,0.169000004787,0.388000009574,1],"ix":4},"o":{"a":0,"k":100,"ix":5},"r":1,"bm":0,"nm":"Fill 1","mn":"ADBE Vector Graphic - Fill","hd":false},{"ty":"tr","p":{"a":0,"k":[245.25,245.25],"ix":2},"a":{"a":0,"k":[0,0],"ix":1},"s":{"a":0,"k":[100,100],"ix":3},"r":{"a":0,"k":0,"ix":6},"o":{"a":0,"k":100,"ix":7},"sk":{"a":0,"k":0,"ix":4},"sa":{"a":0,"k":0,"ix":5},"nm":"Transform"}],"nm":"Group 1","np":2,"cix":2,"bm":0,"ix":1,"mn":"ADBE Vector Group","hd":false}],"ip":0,"op":110,"st":0,"bm":0}],"markers":[]}